{
    "epoch": 2.0,
    "eval_accuracy": 0.9924812030075187,
    "eval_loss": 0.053005170077085495,
    "eval_runtime": 17.7049,
    "eval_samples_per_second": 7.512,
    "eval_steps_per_second": 0.96,
    "train_loss": 0.21636747419834138,
    "train_runtime": 939.0697,
    "train_samples_per_second": 2.202,
    "train_steps_per_second": 0.138
}